id;code;date;summary;description;status
1;Chips;2019-11-24T19:48:25;infomediaries Som Rustic Frozen Keyboard;Enterprise-wide Benin;Known
2;payment e-markets system;2019-11-24T20:36:10;Louisiana;hack;New
3;Small;2019-11-24T14:16:27;Developer Shoes Music;Buckinghamshire Hollow Shoes;Old
4;explicit;2019-11-24T21:22:50;Optimization Cambridgeshire;payment Soap;Old
5;COM;2019-11-24T06:28:28;multi-byte Jamaican Dollar North Carolina;Station;Old
6;invoice teal analyzing;2019-11-24T16:35:52;utilize;Generic;Old
7;wireless;2019-11-24T15:29:29;Avon;Rupiah Personal Loan Account HTTP;Known
8;South Dakota Wyoming interface;2019-11-24T18:41:00;Robust Louisiana;Infrastructure SSL bandwidth;Known
9;Buckinghamshire monetize;2019-11-24T14:36:17;Fantastic Small Frozen Salad bypassing;time-frame Quality;New
10;Money Market Account;2019-11-24T08:27:33;ivory Data neural;Unbranded;New
