id;code;version;jhi_from;until;summary;description
1;circuit Guam;Frozen Metal program;2019-11-24T06:54:39;2019-11-24T00:56:36;bypassing;Algerian Dinar Fantastic Fresh Salad
2;Steel Avon Visionary;exploit transition;2019-11-24T02:14:27;2019-11-24T16:04:03;Principal Pennsylvania dynamic;Sleek navigate Oklahoma
3;Triple-buffered array;Bedfordshire Tools;2019-11-24T10:30:01;2019-11-24T08:01:58;hack;Fresh payment synthesize
4;Versatile seize;asymmetric EXE;2019-11-24T16:22:54;2019-11-24T11:16:34;auxiliary Strategist Arizona;Lead
5;Principal Senior;Paraguay;2019-11-23T22:29:06;2019-11-24T19:56:15;Tuna magenta;Wells
6;Naira iterate;Unbranded Plastic Chips Brand Regional;2019-11-24T10:48:44;2019-11-24T19:11:09;B2B Mouse;Junctions one-to-one
7;analyzing holistic;Architect;2019-11-24T04:59:32;2019-11-24T20:58:20;dynamic schemas;Pound Sterling Keyboard
8;Licensed Usability models;Personal Loan Account markets;2019-11-23T23:21:46;2019-11-24T00:42:30;Aruba Chair portals;online Strategist Shirt
9;navigate redefine;generating bypassing Bypass;2019-11-24T11:47:32;2019-11-24T18:32:08;Movies;SMS
10;Zimbabwe parse Customer;input Accounts;2019-11-24T01:21:24;2019-11-24T12:40:47;Multi-channelled;Concrete
